business_id,name
A_YpTLbAlEqeLVSs9bxbEA,Club A Steakhouse
l_RAv09V67j-Hm9dyZxWhw,Tomi Jazz
vRrVSB-LegwUwIxpkeRVtQ,Le Bernardin
_LJFf9YqpYxvExTvVxb7Rw,The Modern
DZaN3bNWfwcm__sNw5bvDg,Daniel
pDwhlX9jNBGnjvyGR9jYWQ,Gabriel Kreuther
VvsZAnEwU4c8Xkyrzx05Nw,Anytime Kitchen 
f7apP8A_0_KqcGQTK4V2TQ,Aquavit
JXcYD52B4190gIh6_RSXCg,Lilly's Craft and Kitchen
nRO136GRieGtxz18uD61DA,Eleven Madison Park
15R8rx9SHKNVYBwgAuTyGA,Sushi Ginza Onodera
j1S3NUrkB3BVT49n_e76NQ,Best Bagel & Coffee
SULHf6nGQ8sK0UpG1XU30w,Los Tacos No.1
LQHegfNHe7ylY3bocrFlpg,Calle Dao - Bryant Park
NbKATjp2MoQ4TvKKwu9fdA,Mari
al9HKZ3kCJipAJW4uxzj4A,Havana Central
TN4RnyqHMSupRFot4Q-_EA,Ippudo Westside
zR92VSkXj1rt5KTJ15bkAw,Benjamin Steakhouse Prime
1DfbZ0VsSCg9g1KILmnvzQ,Per Se
Rc1lxc5lSKJYd162JHNMfQ,Bea
