,full_stree,location_i_zone,business_counts,park_counts,street_zone,street_zone_id
0,1 ave,74,0,0,1 ave 74,0
1,e  120 st,74,0,0,e  120 st 74,1
2,e  120 street pedestrian opas,74,0,1,e  120 street pedestrian opas 74,2
3,e  124 st,74,0,0,e  124 st 74,3
4,e  125 st,74,0,0,e  125 st 74,4
5,e  127 st,74,0,0,e  127 st 74,5
6,e  128 st,74,0,0,e  128 st 74,6
7,e  129 street pedestrian opas,74,0,1,e  129 street pedestrian opas 74,7
8,2 ave,74,0,0,2 ave 74,8
9,3 ave  bridge,74,0,0,3 ave  bridge 74,9
10,3 av bridge ped and bike path,74,0,0,3 av bridge ped and bike path 74,10
11,3 ave-e 128 street ped opas,74,0,0,3 ave-e 128 street ped opas 74,11
12,fdr drive entrance sb,74,0,0,fdr drive entrance sb 74,12
13,fdr drive exit 16 sb,74,0,0,fdr drive exit 16 sb 74,13
14,fdr drive exit 17 nb rfk brdg,74,0,0,fdr drive exit 17 nb rfk brdg 74,14
15,fdr drive exit 17 sb,74,0,0,fdr drive exit 17 sb 74,15
16,fdr drive sb entrance e 116 st,74,0,0,fdr drive sb entrance e 116 st 74,16
17,harlem river dr,74,1,0,harlem river dr 74,17
18,harlem river dr sb en 3 av brg,74,0,0,harlem river dr sb en 3 av brg 74,18
19,harlem river drive exit 18 nb,74,0,0,harlem river drive exit 18 nb 74,19
20,harlem river drive exit 19 nb,74,0,0,harlem river drive exit 19 nb 74,20
21,harlem river drive exit 19 sb,74,0,0,harlem river drive exit 19 sb 74,21
22,harlem river drive exit 20 sb,74,0,0,harlem river drive exit 20 sb 74,22
23,harlem river drive exit 21 nb,74,0,0,harlem river drive exit 21 nb 74,23
24,harlem river drive sb en prk ave,74,0,0,harlem river drive sb en prk ave 74,24
25,harlem river drv nb en e 126 st,74,0,0,harlem river drv nb en e 126 st 74,25
26,harlem river drv nb en e 139 st,74,0,0,harlem river drv nb en e 139 st 74,26
27,harlem river drv sb en e 142 st,74,0,0,harlem river drv sb en e 142 st 74,27
28,madison ave  bridge,74,0,0,madison ave  bridge 74,28
29,madison av brdg ped & bike path,74,0,0,madison av brdg ped & bike path 74,29
30,marcus garvey park path,74,0,1,marcus garvey park path 74,30
31,mount morris park w,74,0,0,mount morris park w 74,31
32,paladino ave,74,0,0,paladino ave 74,32
33,pedestrian and bike path link,74,0,0,pedestrian and bike path link 74,33
34,pleasant ave,74,4,0,pleasant ave 74,34
35,rfk br en e 124 and 125 st,74,0,0,rfk br en e 124 and 125 st 74,35
36,rfk br en fdr and harlem rvr drv,74,0,1,rfk br en fdr and harlem rvr drv 74,36
37,rfk br et harlem rvr drv 126 st,74,0,0,rfk br et harlem rvr drv 126 st 74,37
38,rfk brdg et 125 street 2 ave,74,0,0,rfk brdg et 125 street 2 ave 74,38
39,rfk bridge entrance east 124 st,74,0,0,rfk bridge entrance east 124 st 74,39
40,rfk bridge entrance east 125 st,74,0,0,rfk bridge entrance east 125 st 74,40
41,rfk bridge et harlem rvr drv nb,74,0,0,rfk bridge et harlem rvr drv nb 74,41
42,rfk bridge exit fdr drive sb,74,0,0,rfk bridge exit fdr drive sb 74,42
43,rfk bridge ped and bike path,74,0,0,rfk bridge ped and bike path 74,43
44,thomas jefferson park path,74,0,1,thomas jefferson park path 74,44
45,w 142 street pedestrian opas,74,0,0,w 142 street pedestrian opas 74,45
46,willis ave  bridge,74,0,0,willis ave  bridge 74,46
47,willis avenue bridge bike path,74,0,0,willis avenue bridge bike path 74,47
48,10 ave,246,0,0,10 ave 246,48
49,w  15 st,246,0,0,w  15 st 246,49
50,w  16 st,246,0,0,w  16 st 246,50
51,w  17 st,246,0,1,w  17 st 246,51
52,w  18 st,246,0,1,w  18 st 246,52
53,w  24 st,246,0,0,w  24 st 246,53
54,w  30 st,246,0,1,w  30 st 246,54
55,w  35 st,246,0,0,w  35 st 246,55
56,w  39 st,246,0,0,w  39 st 246,56
57,w  40 st,246,0,0,w  40 st 246,57
58,w  41 st,246,0,0,w  41 st 246,58
59,edgewater-midtown west ferry rte,246,0,0,edgewater-midtown west ferry rte 246,59
60,galvin ave,246,0,0,galvin ave 246,60
61,high line,246,0,1,high line 246,61
62,lincoln tunnel en galvin ave,246,0,0,lincoln tunnel en galvin ave 246,62
63,lincoln tunnel en path bus trml,246,0,0,lincoln tunnel en path bus trml 246,63
64,lincoln tunnel en w 39 st,246,0,0,lincoln tunnel en w 39 st 246,64
65,lincoln tunnel en w 40 st,246,0,0,lincoln tunnel en w 40 st 246,65
66,lincoln tunnel entrance,246,0,0,lincoln tunnel entrance 246,66
67,lincoln tunnel entrance 10 ave,246,0,0,lincoln tunnel entrance 10 ave 246,67
68,lincoln tunnel exit west 39 st,246,0,0,lincoln tunnel exit west 39 st 246,68
69,path bus trml exit west 40 st,246,0,0,path bus trml exit west 40 st 246,69
70,port imperial-midtown w fry rte,246,0,0,port imperial-midtown w fry rte 246,70
71,e  10 street pedestrian opas,4,0,0,e  10 street pedestrian opas 4,71
72,attorney st,4,2,0,attorney st 4,72
73,ave b,4,0,0,ave b 4,73
74,baruch pl,4,0,0,baruch pl 4,74
75,ave d,4,0,0,ave d 4,75
76,east    6 st ped br over fdr drv,4,0,0,east    6 st ped br over fdr drv 4,76
77,fdr drive exit 5 sb,4,0,0,fdr drive exit 5 sb 4,77
78,fdr drive nb en e houston st,4,0,0,fdr drive nb en e houston st 4,78
79,fdr drive sb entrance e 14 st,4,0,0,fdr drive sb entrance e 14 st 4,79
80,e  houston st,4,0,0,e  houston st 4,80
81,lillian wald dr,4,0,0,lillian wald dr 4,81
82,szold pl,4,0,0,szold pl 4,82
83,e  100 st,75,0,0,e  100 st 75,83
84,e  101 st,75,0,0,e  101 st 75,84
85,e  103 st,75,0,0,e  103 st 75,85
86,e  103 street footbridge,75,0,1,e  103 street footbridge 75,86
87,e  105 st,75,0,0,e  105 st 75,87
88,e  110 st,75,0,0,e  110 st 75,88
89,e  111 street pedestrian opas,75,0,1,e  111 street pedestrian opas 75,89
90,e  97 st,75,0,0,e  97 st 75,90
91,e  98 st,75,0,0,e  98 st 75,91
92,e  99 st,75,0,0,e  99 st 75,92
93,a new st,75,0,0,a new st 75,93
94,central park en e 102 st,75,0,1,central park en e 102 st 75,94
95,fdr drive exit 14 nb,75,0,0,fdr drive exit 14 nb 75,95
96,fdr drive exit 14 sb,75,0,0,fdr drive exit 14 sb 75,96
97,fdr drive exit 15 sb,75,0,0,fdr drive exit 15 sb 75,97
98,fdr drive nb entrance e 96 st,75,0,0,fdr drive nb entrance e 96 st 75,98
99,fdr drive sb entrance e 102 st,75,0,0,fdr drive sb entrance e 102 st 75,99
100,frawley cir,75,0,0,frawley cir 75,100
101,gustave l levy pl,75,0,0,gustave l levy pl 75,101
102,w  102 st,151,0,0,w  102 st 151,102
103,w  104 st,151,0,0,w  104 st 151,103
104,w  106 st,151,0,0,w  106 st 151,104
105,central park pool path,151,0,1,central park pool path 151,105
106,cherry walk greenway,151,0,2,cherry walk greenway 151,106
107,henry hudson py sb en w 96 st,151,0,1,henry hudson py sb en w 96 st 151,107
108,102 street crossing,43,0,1,102 street crossing 43,108
109,e  103 st,43,0,0,e  103 st 43,109
110,w  109 st,43,0,0,w  109 st 43,110
111,65 st transverse,43,0,1,65 st transverse 43,111
112,w  69 st,43,0,0,w  69 st 43,112
113,w  77 st,43,0,0,w  77 st 43,113
114,79 st transverse,43,0,1,79 st transverse 43,114
115,w  85 st,43,0,0,w  85 st 43,115
116,86 st transverse,43,0,1,86 st transverse 43,116
117,97 st transverse,43,0,1,97 st transverse 43,117
118,bethesda ter  underpass,43,0,1,bethesda ter  underpass 43,118
119,bridle path,43,0,1,bridle path 43,119
120,center dr,43,0,1,center dr 43,120
121,central park n,43,1,0,central park n 43,121
122,central park path,43,0,1,central park path 43,122
123,central park bow bridge,43,0,1,central park bow bridge 43,123
124,central park bow bridge path,43,0,1,central park bow bridge path 43,124
125,central park en e 102 st,43,0,1,central park en e 102 st 43,125
126,central park entrance 8 ave,43,0,1,central park entrance 8 ave 43,126
127,central park entrance e 60 st,43,0,0,central park entrance e 60 st 43,127
128,central park entrance powell blvd,43,0,1,central park entrance powell blvd 43,128
129,central park entrance w 106 st,43,0,1,central park entrance w 106 st 43,129
130,central park entrance w 110 st,43,0,1,central park entrance w 110 st 43,130
131,central park entrance w 85 st,43,0,1,central park entrance w 85 st 43,131
132,central park entrance w 90 st,43,0,1,central park entrance w 90 st 43,132
133,central park entrance w 96 st,43,0,1,central park entrance w 96 st 43,133
134,central park entrance west 77 st,43,0,1,central park entrance west 77 st 43,134
135,central park exit 7 ave,43,0,1,central park exit 7 ave 43,135
136,central park exit powell blvd,43,0,1,central park exit powell blvd 43,136
137,central park exit west 100 st,43,0,1,central park exit west 100 st 43,137
138,central park exit west 67 st,43,0,1,central park exit west 67 st 43,138
139,central park exit west 72 st,43,0,1,central park exit west 72 st 43,139
140,central park great hl,43,0,1,central park great hl 43,140
141,central park lenox ave access rd,43,0,1,central park lenox ave access rd 43,141
142,central park pool path,43,0,1,central park pool path 43,142
143,cherry hill path,43,0,1,cherry hill path 43,143
144,conservatory garden path,43,0,1,conservatory garden path 43,144
145,grand army plz,43,0,0,grand army plz 43,145
146,hallett nature sanctuary path,43,0,1,hallett nature sanctuary path 43,146
147,heckscher ballfields path,43,0,1,heckscher ballfields path 43,147
148,lenox ave,43,16,1,lenox ave 43,148
149,e  meadow path,43,0,1,e  meadow path 43,149
150,reservoir loop,43,0,1,reservoir loop 43,150
151,terrace dr,43,0,1,terrace dr 43,151
152,the mall,43,0,1,the mall 43,152
153,west dr,43,0,1,west dr 43,153
154,w  106 st,24,0,0,w  106 st 24,154
155,w  107 st,24,0,0,w  107 st 24,155
156,w  108 st,24,0,0,w  108 st 24,156
157,w  109 st,24,0,0,w  109 st 24,157
158,cherry walk greenway,24,0,2,cherry walk greenway 24,158
159,11 ave,143,0,0,11 ave 143,159
160,w  58 st,143,0,0,w  58 st 143,160
161,w  59 st,143,0,0,w  59 st 143,161
162,w  60 st,143,0,0,w  60 st 143,162
163,w  64 st,143,0,0,w  64 st 143,163
164,w  65 st,143,0,0,w  65 st 143,164
165,w  66 st,143,0,0,w  66 st 143,165
166,w  70 st,143,0,0,w  70 st 143,166
167,amsterdam houses pedestrian path,143,0,0,amsterdam houses pedestrian path 143,167
168,w  end ave,143,0,0,w  end ave 143,168
169,freedom pl s,143,0,0,freedom pl s 143,169
170,henry hudson py nb en w 72 st,143,0,0,henry hudson py nb en w 72 st 143,170
171,w  111 st,41,0,0,w  111 st 41,171
172,w  117 st,41,0,0,w  117 st 41,172
173,w  118 st,41,0,0,w  118 st 41,173
174,w  119 st,41,0,0,w  119 st 41,174
175,w  122 st,41,0,0,w  122 st 41,175
176,w  123 st,41,0,0,w  123 st 41,176
177,w  126 st,41,0,0,w  126 st 41,177
178,adam clayton powell jr blvd,41,25,0,adam clayton powell jr blvd 41,178
179,cathedral pkwy,41,1,0,cathedral pkwy 41,179
180,central park entrance powell blvd,41,0,1,central park entrance powell blvd 41,180
181,central park exit powell blvd,41,0,1,central park exit powell blvd 41,181
182,morningside ave,41,1,0,morningside ave 41,182
183,w  112 st,166,0,0,w  112 st 166,183
184,w  113 st,166,0,0,w  113 st 166,184
185,w  114 st,166,0,0,w  114 st 166,185
186,w  115 st,166,0,0,w  115 st 166,186
187,w  116 st,166,0,0,w  116 st 166,187
188,w  121 st,166,0,0,w  121 st 166,188
189,cherry walk greenway,166,0,2,cherry walk greenway 166,189
190,claremont ave,166,1,0,claremont ave 166,190
191,hancock pl,166,0,0,hancock pl 166,191
192,henry hudson parkway et 12 nb,166,0,0,henry hudson parkway et 12 nb 166,192
193,henry hudson py sb en w 125 st,166,0,0,henry hudson py sb en w 125 st 166,193
194,la salle st,166,2,0,la salle st 166,194
195,morningside ave,166,1,0,morningside ave 166,195
196,st clair pl,166,0,1,st clair pl 166,196
197,tiemann pl,166,0,0,tiemann pl 166,197
198,12 ave,50,0,0,12 ave 50,198
199,w  42 st,50,0,0,w  42 st 50,199
200,w  43 st,50,0,0,w  43 st 50,200
201,w  45 st,50,0,0,w  45 st 50,201
202,w  46 st,50,0,0,w  46 st 50,202
203,w  46 st pedestrian opas,50,0,0,w  46 st pedestrian opas 50,203
204,w  47 st,50,0,0,w  47 st 50,204
205,w  48 st,50,0,0,w  48 st 50,205
206,w  49 st,50,0,0,w  49 st 50,206
207,w  50 st,50,0,0,w  50 st 50,207
208,w  51 st,50,0,0,w  51 st 50,208
209,w  52 st,50,0,0,w  52 st 50,209
210,w  53 st,50,0,0,w  53 st 50,210
211,w  54 st,50,0,0,w  54 st 50,211
212,w  57 st,50,0,0,w  57 st 50,212
213,w  58 st,50,0,0,w  58 st 50,213
214,manhattan cruise terminal ramp,50,0,0,manhattan cruise terminal ramp 50,214
215,w  129 st,152,0,0,w  129 st 152,215
216,w  133 st,152,0,0,w  133 st 152,216
217,w  134 st,152,0,0,w  134 st 152,217
218,w  135 st,152,0,1,w  135 st 152,218
219,w  136 st,152,0,0,w  136 st 152,219
220,w  137 st,152,0,0,w  137 st 152,220
221,cherry walk greenway,152,0,2,cherry walk greenway 152,221
222,convent ave,152,3,0,convent ave 152,222
223,henry hudson parkway entrance nb,152,0,0,henry hudson parkway entrance nb 152,223
224,henry hudson parkway et 12 sb,152,0,0,henry hudson parkway et 12 sb 152,224
225,marginal st,152,0,0,marginal st 152,225
226,old broadway,152,0,0,old broadway 152,226
227,st clair pl,152,0,1,st clair pl 152,227
228,e  13 st,79,0,0,e  13 st 79,228
229,e  6 st,79,0,0,e  6 st 79,229
230,ave a,79,0,0,ave a 79,230
231,astor pl,79,1,0,astor pl 79,231
232,ave b,79,0,0,ave b 79,232
233,extra pl,79,1,0,extra pl 79,233
234,orchard st,79,13,0,orchard st 79,234
235,st marks pl,79,0,0,st marks pl 79,235
236,suffolk st,79,3,0,suffolk st 79,236
237,taras shevchenko pl,79,0,0,taras shevchenko pl 79,237
238,wanamaker pl,79,0,0,wanamaker pl 79,238
239,e  13 st,113,0,0,e  13 st 113,239
240,astor pl,113,1,0,astor pl 113,240
241,cooper sq,113,1,0,cooper sq 113,241
242,stable ct,113,0,0,stable ct 113,242
243,union sq e,113,9,0,union sq e 113,243
244,university pl,113,28,0,university pl 113,244
245,wanamaker pl,113,0,0,wanamaker pl 113,245
246,w  130 st,42,0,0,w  130 st 42,246
247,w  131 st,42,0,0,w  131 st 42,247
248,w  132 st,42,0,0,w  132 st 42,248
249,w  138 st,42,0,0,w  138 st 42,249
250,w  139 st,42,0,0,w  139 st 42,250
251,w  141 st,42,0,0,w  141 st 42,251
252,w  142 st,42,0,0,w  142 st 42,252
253,w  143 st,42,0,0,w  143 st 42,253
254,w  145 st,42,0,0,w  145 st 42,254
255,145 st bridge ped and bike path,42,0,0,145 st bridge ped and bike path 42,255
256,w  146 st,42,0,0,w  146 st 42,256
257,w  147 st,42,0,0,w  147 st 42,257
258,w  150 st,42,0,0,w  150 st 42,258
259,w  152 st,42,0,0,w  152 st 42,259
260,w  153 st,42,0,0,w  153 st 42,260
261,w  155 st,42,0,0,w  155 st 42,261
262,bradhurst ave,42,4,0,bradhurst ave 42,262
263,chisum pl,42,0,0,chisum pl 42,263
264,esplanade gardens plz,42,0,0,esplanade gardens plz 42,264
265,frederick douglass blvd,42,69,0,frederick douglass blvd 42,265
266,harlem river drive exit 22 sb,42,0,0,harlem river drive exit 22 sb 42,266
267,harlem river drive exit 23 nb,42,0,0,harlem river drive exit 23 nb 42,267
268,harlem river drive sb en prk ave,42,0,0,harlem river drive sb en prk ave 42,268
269,harlem river drv nb en e 139 st,42,0,0,harlem river drv nb en e 139 st 42,269
270,hrd nb en frederick douglass bl,42,0,0,hrd nb en frederick douglass bl 42,270
271,hrd sb en frederick douglass bl,42,0,0,hrd sb en frederick douglass bl 42,271
272,macombs pl,42,4,0,macombs pl 42,272
273,macombs dam brg,42,0,0,macombs dam brg 42,273
274,macombs dam bridge pedestrian path,42,0,0,macombs dam bridge pedestrian path 42,274
275,e  14 st,224,0,0,e  14 st 224,275
276,ave c,224,0,0,ave c 224,276
277,fdr drive exit 7 nb,224,0,0,fdr drive exit 7 nb 224,277
278,fdr drive sb entrance e 20 st,224,0,0,fdr drive sb entrance e 20 st 224,278
279,peter cooper rd,224,0,0,peter cooper rd 224,279
280,stuyvesant oval,224,0,0,stuyvesant oval 224,280
281,w  140 st,116,0,0,w  140 st 116,281
282,w  144 st,116,0,0,w  144 st 116,282
283,w  148 st,116,0,0,w  148 st 116,283
284,w  148 street pedestrian opas,116,0,0,w  148 street pedestrian opas 116,284
285,w  149 st,116,0,0,w  149 st 116,285
286,w  151 st,116,0,0,w  151 st 116,286
287,w  151 street pedestrian ovps,116,0,1,w  151 street pedestrian ovps 116,287
288,w  154 st,116,0,0,w  154 st 116,288
289,w  155 street pedestrian opas,116,0,0,w  155 street pedestrian opas 116,289
290,donnellon sq,116,0,0,donnellon sq 116,290
291,hamilton pl,116,7,0,hamilton pl 116,291
292,henry hudson parkway et 13 sb,116,0,0,henry hudson parkway et 13 sb 116,292
293,henry hudson py sb en w 158 st,116,0,0,henry hudson py sb en w 158 st 116,293
294,riverside park path,116,0,1,riverside park path 116,294
295,w  155 street pedestrian opas,244,0,0,w  155 street pedestrian opas 244,295
296,w  156 st,244,0,0,w  156 st 244,296
297,w  157 st,244,0,0,w  157 st 244,297
298,w  158 st,244,0,0,w  158 st 244,298
299,w  159 st,244,0,0,w  159 st 244,299
300,w  160 st,244,0,0,w  160 st 244,300
301,w  161 st,244,0,0,w  161 st 244,301
302,w  162 st,244,0,0,w  162 st 244,302
303,w  163 st,244,0,0,w  163 st 244,303
304,w  164 st,244,0,0,w  164 st 244,304
305,w  165 st,244,0,0,w  165 st 244,305
306,w  166 st,244,0,0,w  166 st 244,306
307,w  167 st,244,0,0,w  167 st 244,307
308,w  168 st,244,0,0,w  168 st 244,308
309,w  169 st,244,0,0,w  169 st 244,309
310,w  170 st,244,0,0,w  170 st 244,310
311,w  171 st,244,0,0,w  171 st 244,311
312,w  172 st,244,0,0,w  172 st 244,312
313,w  173 st,244,0,0,w  173 st 244,313
314,w  174 st,244,0,0,w  174 st 244,314
315,w  175 st,244,0,0,w  175 st 244,315
316,w  176 st,244,0,0,w  176 st 244,316
317,w  176 street pedestrian opas,244,0,0,w  176 street pedestrian opas 244,317
318,w  177 st,244,0,0,w  177 st 244,318
319,w  178 st,244,0,0,w  178 st 244,319
320,w  178-179 street ped opas,244,0,0,w  178-179 street ped opas 244,320
321,w  179 st,244,0,0,w  179 st 244,321
322,w  180 st,244,0,0,w  180 st 244,322
323,w  181 st,244,0,0,w  181 st 244,323
324,alley,244,0,0,alley 244,324
325,audubon ave,244,34,0,audubon ave 244,325
326,cbe eastbound exit amsterdam ave,244,0,1,cbe eastbound exit amsterdam ave 244,326
327,cbe nb en riverside dr,244,0,0,cbe nb en riverside dr 244,327
328,cbe nb exit 1 lowerdeck,244,0,1,cbe nb exit 1 lowerdeck 244,328
329,cbe nb exit 1 upperdeck,244,0,0,cbe nb exit 1 upperdeck 244,329
330,cross bronx ep sb et 1a,244,0,0,cross bronx ep sb et 1a 244,330
331,cross bronx expwy eb et 2,244,0,0,cross bronx expwy eb et 2 244,331
332,edgecombe ave,244,4,0,edgecombe ave 244,332
333,edward m morgan pl,244,0,0,edward m morgan pl 244,333
334,fort washington ave,244,5,0,fort washington ave 244,334
335,fort washington park bicycle trl,244,0,1,fort washington park bicycle trl 244,335
336,george washington brg,244,0,0,george washington brg 244,336
337,gw bridge bike and pedestrian path,244,0,0,gw bridge bike and pedestrian path 244,337
338,gw bridge entrance lower level,244,0,0,gw bridge entrance lower level 244,338
339,gw bridge entrance upper level,244,0,0,gw bridge entrance upper level 244,339
340,gw bridge entrance west 179 st,244,0,0,gw bridge entrance west 179 st 244,340
341,gwb bus terminal ramp,244,0,0,gwb bus terminal ramp 244,341
342,haven ave,244,1,0,haven ave 244,342
343,henry hudson parkway entrance sb,244,0,0,henry hudson parkway entrance sb 244,343
344,henry hudson parkway et 13 nb,244,0,0,henry hudson parkway et 13 nb 244,344
345,henry hudson parkway et 14 nb,244,0,0,henry hudson parkway et 14 nb 244,345
346,henry hudson parkway et 14 sb,244,0,0,henry hudson parkway et 14 sb 244,346
347,henry hudson parkway et 15 nb,244,0,0,henry hudson parkway et 15 nb 244,347
348,henry hudson parkway exit nb,244,0,0,henry hudson parkway exit nb 244,348
349,henry hudson pkwy et 14 n sb,244,0,0,henry hudson pkwy et 14 n sb 244,349
350,henry hudson pkwy et 14 s sb,244,0,0,henry hudson pkwy et 14 s sb 244,350
351,henry hudson py nb en w 158 st,244,0,0,henry hudson py nb en w 158 st 244,351
352,i 95 northbound exit 1,244,0,0,i 95 northbound exit 1 244,352
353,jumel pl,244,0,0,jumel pl 244,353
354,magaw pl,244,0,0,magaw pl 244,354
355,pinehurst ave,244,1,0,pinehurst ave 244,355
356,riverside dr,244,19,0,riverside dr 244,356
357,riverside drive nb et w 178 st,244,0,0,riverside drive nb et w 178 st 244,357
358,st nicholas ave,244,0,0,st nicholas ave 244,358
359,sylvan ter,244,0,0,sylvan ter 244,359
360,w 155 street pedestrian upas,244,0,0,w 155 street pedestrian upas 244,360
361,w 158 street pedestrian upas,244,0,0,w 158 street pedestrian upas 244,361
362,w  17 st,68,0,1,w  17 st 68,362
363,w  18 st,68,0,1,w  18 st 68,363
364,w  27 dr,68,0,0,w  27 dr 68,364
365,w  30 st,68,0,1,w  30 st 68,365
366,w  31 st,68,0,0,w  31 st 68,366
367,w  33 st,68,0,0,w  33 st 68,367
368,w  34 st,68,0,0,w  34 st 68,368
369,w  36 st,68,0,0,w  36 st 68,369
370,w  38 st,68,0,0,w  38 st 68,370
371,connector,68,0,0,connector 68,371
372,dyer ave,68,0,0,dyer ave 68,372
373,dyer avenue underpass 31 st,68,0,0,dyer avenue underpass 31 st 68,373
374,lincoln tnnl en 9 and 10 av,68,0,0,lincoln tnnl en 9 and 10 av 68,374
375,lincoln tunnel en w 33 st,68,0,0,lincoln tunnel en w 33 st 68,375
376,lincoln tunnel en w 35 st,68,0,0,lincoln tunnel en w 35 st 68,376
377,lincoln tunnel en w 36 st,68,0,0,lincoln tunnel en w 36 st 68,377
378,lincoln tunnel entrance 10 ave,68,0,0,lincoln tunnel entrance 10 ave 68,378
379,lincoln tunnel entrance 9 ave,68,0,0,lincoln tunnel entrance 9 ave 68,379
380,lincoln tunnel exit 9 av,68,0,0,lincoln tunnel exit 9 av 68,380
381,lincoln tunnel exit west 33 st,68,0,0,lincoln tunnel exit west 33 st 68,381
382,lincoln tunnel exit west 36 st,68,0,0,lincoln tunnel exit west 36 st 68,382
383,w  181 street pedestrian opas,243,0,0,w  181 street pedestrian opas 243,383
384,w  182 st,243,0,0,w  182 st 243,384
385,w  183 st,243,0,0,w  183 st 243,385
386,w  184 st,243,0,0,w  184 st 243,386
387,w  185 st,243,0,0,w  185 st 243,387
388,w  186 st,243,0,0,w  186 st 243,388
389,w  187 st,243,0,0,w  187 st 243,389
390,w  188 st,243,0,0,w  188 st 243,390
391,w  189 st,243,0,0,w  189 st 243,391
392,w  190 st,243,0,0,w  190 st 243,392
393,w  191 st,243,0,0,w  191 st 243,393
394,w  192 st,243,0,0,w  192 st 243,394
395,w  193 st,243,0,0,w  193 st 243,395
396,w  196 st,243,0,0,w  196 st 243,396
397,arden st,243,1,0,arden st 243,397
398,bennett ave,243,2,0,bennett ave 243,398
399,bogardus pl,243,0,0,bogardus pl 243,399
400,cabrini blvd,243,6,0,cabrini blvd 243,400
401,chittenden ave,243,0,0,chittenden ave 243,401
402,dongan pl,243,0,0,dongan pl 243,402
403,dyckman st,243,47,0,dyckman st 243,403
404,ellwood st,243,2,0,ellwood st 243,404
405,fairview ave,243,1,0,fairview ave 243,405
406,fort tryon pl,243,0,1,fort tryon pl 243,406
407,fort washington park greenway,243,0,1,fort washington park greenway 243,407
408,george washington brg,243,0,0,george washington brg 243,408
409,henry hudson parkway et 16 nb,243,0,1,henry hudson parkway et 16 nb 243,409
410,henry hudson parkway et 17 nb,243,0,0,henry hudson parkway et 17 nb 243,410
411,henry hudson pkwy nb en ft tryon,243,0,1,henry hudson pkwy nb en ft tryon 243,411
412,henry hudson py nb en dyckman st,243,0,1,henry hudson py nb en dyckman st 243,412
413,henry hudson py nb en w 181 st,243,0,0,henry hudson py nb en w 181 st 243,413
414,henry hudson py sb en dyckman st,243,0,0,henry hudson py sb en dyckman st 243,414
415,henshaw st,243,1,0,henshaw st 243,415
416,hillside ave,243,2,0,hillside ave 243,416
417,hudson view gdns,243,0,0,hudson view gdns 243,417
418,magaw pl,243,0,0,magaw pl 243,418
419,margaret corbin dr,243,0,1,margaret corbin dr 243,419
420,nagle ave,243,27,0,nagle ave 243,420
421,overlook ter,243,0,0,overlook ter 243,421
422,payson ave,243,2,0,payson ave 243,422
423,pinehurst ave,243,1,0,pinehurst ave 243,423
424,post ave,243,4,0,post ave 243,424
425,sherman ave,243,35,0,sherman ave 243,425
426,sickles st,243,0,0,sickles st 243,426
427,staff st,243,0,0,staff st 243,427
428,thayer st,243,4,0,thayer st 243,428
429,wadsworth ave,243,3,0,wadsworth ave 243,429
430,w  186 st,120,0,0,w  186 st 120,430
431,alexander hamilton brg,120,0,0,alexander hamilton brg 120,431
432,cbe eastbound exit amsterdam ave,120,0,1,cbe eastbound exit amsterdam ave 120,432
433,cbe eb exit university avenue,120,0,1,cbe eb exit university avenue 120,433
434,cbe sb en amsterdam av,120,0,1,cbe sb en amsterdam av 120,434
435,cbe sb en washington bridge,120,0,1,cbe sb en washington bridge 120,435
436,cross bronx expy,120,0,0,cross bronx expy 120,436
437,edgecombe ave,120,4,0,edgecombe ave 120,437
438,george washington bridge en,120,0,1,george washington bridge en 120,438
439,harlem river drive exit 23 sb,120,0,1,harlem river drive exit 23 sb 120,439
440,harlem river drive exit 24 nb,120,0,2,harlem river drive exit 24 nb 120,440
441,harlem river drive greenway,120,0,1,harlem river drive greenway 120,441
442,harlem river drive southbound en,120,0,1,harlem river drive southbound en 120,442
443,harlem rvr dr sb en amsterdam av,120,0,0,harlem rvr dr sb en amsterdam av 120,443
444,high brg,120,0,1,high brg 120,444
445,high bridge greenway,120,0,1,high bridge greenway 120,445
446,high bridge park path,120,0,1,high bridge park path 120,446
447,hrd et 24 nb amsterdam av,120,0,1,hrd et 24 nb amsterdam av 120,447
448,hrd et 24 nb gwb en,120,0,1,hrd et 24 nb gwb en 120,448
449,washington br ped and bike path,120,0,0,washington br ped and bike path 120,449
450,e  19 st,234,0,0,e  19 st 234,450
451,e  20 st,234,0,0,e  20 st 234,451
452,e  28 st,234,0,0,e  28 st 234,452
453,ave of the americas,234,2,0,ave of the americas 234,453
454,union sq e,234,9,0,union sq e 234,454
455,w  201 st,127,0,0,w  201 st 127,455
456,w  202 st,127,0,0,w  202 st 127,456
457,w  203 st,127,0,0,w  203 st 127,457
458,w  204 st,127,0,0,w  204 st 127,458
459,w  205 st,127,0,0,w  205 st 127,459
460,w  206 st,127,0,0,w  206 st 127,460
461,w  207 st,127,0,0,w  207 st 127,461
462,w  211 st,127,0,0,w  211 st 127,462
463,w  212 st,127,0,0,w  212 st 127,463
464,w  213 st,127,0,0,w  213 st 127,464
465,w  214 st,127,0,0,w  214 st 127,465
466,w  215 st,127,0,0,w  215 st 127,466
467,w  216 st,127,0,0,w  216 st 127,467
468,w  217 st,127,0,0,w  217 st 127,468
469,w  218 st,127,0,0,w  218 st 127,469
470,w  219 st,127,0,0,w  219 st 127,470
471,w  220 st,127,0,0,w  220 st 127,471
472,academy st,127,4,0,academy st 127,472
473,beak st,127,0,0,beak st 127,473
474,cumming st,127,0,0,cumming st 127,474
475,dyckman st,127,47,0,dyckman st 127,475
476,dyckman houses 10 ave ped opas,127,0,0,dyckman houses 10 ave ped opas 127,476
477,dyckman houses pedestrian path,127,0,0,dyckman houses pedestrian path 127,477
478,indian rd,127,0,0,indian rd 127,478
479,isham st,127,0,0,isham st 127,479
480,isham park path,127,0,1,isham park path 127,480
481,post ave,127,4,0,post ave 127,481
482,seaman ave,127,2,0,seaman ave 127,482
483,univ heights br bike and ped path,127,0,0,univ heights br bike and ped path 127,483
484,university heights brg,127,0,0,university heights brg 127,484
485,vermilyea ave,127,7,0,vermilyea ave 127,485
486,e  21 st,107,0,0,e  21 st 107,486
487,e  22 st,107,0,0,e  22 st 107,487
488,e  25 st,107,0,0,e  25 st 107,488
489,gramercy park e,107,0,0,gramercy park e 107,489
490,irving pl,107,4,0,irving pl 107,490
491,lexington ave,107,257,0,lexington ave 107,491
492,nathan d perlman pl,107,0,0,nathan d perlman pl 107,492
493,rutherford pl,107,0,0,rutherford pl 107,493
494,union sq e,107,9,0,union sq e 107,494
495,w  219 st,128,0,0,w  219 st 128,495
496,beak st,128,0,0,beak st 128,496
497,henry hudson pkwy,128,0,0,henry hudson pkwy 128,497
498,henry hudson parkway et 17 sb,128,0,0,henry hudson parkway et 17 sb 128,498
499,henshaw st,128,1,0,henshaw st 128,499
500,inwood hill park greenway,128,0,2,inwood hill park greenway 128,500
501,payson ave,128,2,0,payson ave 128,501
502,seaman ave,128,2,0,seaman ave 128,502
503,w  225 st,153,0,0,w  225 st 153,503
504,w  227 st,153,0,0,w  227 st 153,504
505,w  228 st,153,0,0,w  228 st 153,505
506,adrian ave,153,0,0,adrian ave 153,506
507,fort charles pl,153,0,0,fort charles pl 153,507
508,jacobus pl,153,0,0,jacobus pl 153,508
509,marble hill ln,153,0,0,marble hill ln 153,509
510,marble hill houses ped path,153,0,0,marble hill houses ped path 153,510
511,terrace view ave,153,0,0,terrace view ave 153,511
512,teunissen pl,153,0,0,teunissen pl 153,512
513,tibbett ave,153,0,0,tibbett ave 153,513
514,van corlear pl,153,0,0,van corlear pl 153,514
515,e  23 st,137,0,0,e  23 st 137,515
516,e  25 st,137,0,0,e  25 st 137,516
517,e  25 street pedestrian opas,137,0,0,e  25 street pedestrian opas 137,517
518,e  26 st,137,0,0,e  26 st 137,518
519,e  29 st,137,0,0,e  29 st 137,519
520,fdr drive exit 7 sb,137,0,0,fdr drive exit 7 sb 137,520
521,fdr drive exit 8 nb,137,0,0,fdr drive exit 8 nb 137,521
522,fdr drive sb entrance e 30 st,137,0,0,fdr drive sb entrance e 30 st 137,522
523,fdr drive sb entrance e 34 st,137,0,0,fdr drive sb entrance e 34 st 137,523
524,mount carmel pl,137,0,0,mount carmel pl 137,524
525,e  28 st,164,0,0,e  28 st 164,525
526,w  32 st,164,0,0,w  32 st 164,526
527,ave of the americas,164,2,0,ave of the americas 164,527
528,e  29 st,170,0,0,e  29 st 170,528
529,de pew pl,170,0,0,de pew pl 170,529
530,lexington ave,170,257,0,lexington ave 170,530
531,queens midtown tunl  entrance,170,0,0,queens midtown tunl  entrance 170,531
532,sniffen ct,170,0,0,sniffen ct 170,532
533,e  37 st,233,0,1,e  37 st 233,533
534,fdr drive exit 8 sb,233,0,0,fdr drive exit 8 sb 233,534
535,fdr drive exit 9 nb,233,0,0,fdr drive exit 9 nb 233,535
536,fdr drive nb entrance e 34 st,233,0,0,fdr drive nb entrance e 34 st 233,536
537,fdr drive nb entrance e 48 st,233,0,0,fdr drive nb entrance e 48 st 233,537
538,long is city-midtown e fry rte,233,0,0,long is city-midtown e fry rte 233,538
539,e  river espl,233,0,1,e  river espl 233,539
540,sharansky steps,233,0,0,sharansky steps 233,540
541,tudor city pl,233,6,0,tudor city pl 233,541
542,united nations plz,233,5,0,united nations plz 233,542
543,w  38 st,48,0,0,w  38 st 48,543
544,w  41 st,48,0,0,w  41 st 48,544
545,w  42 st,48,0,0,w  42 st 48,545
546,w  48 st,48,0,0,w  48 st 48,546
547,w  49 st,48,0,0,w  49 st 48,547
548,w  50 st,48,0,0,w  50 st 48,548
549,w  51 st,48,0,0,w  51 st 48,549
550,w  52 st,48,0,0,w  52 st 48,550
551,w  54 st,48,0,0,w  54 st 48,551
552,w  58 st,48,0,0,w  58 st 48,552
553,9 ave,48,0,0,9 ave 48,553
554,lincoln tunnel bus exit,48,0,0,lincoln tunnel bus exit 48,554
555,lincoln tunnel entrance,48,0,0,lincoln tunnel entrance 48,555
556,lincoln tunnel exit,48,0,0,lincoln tunnel exit 48,556
557,path bus trml entrance 10 ave,48,0,0,path bus trml entrance 10 ave 48,557
558,path bus trml entrance dyer ave,48,0,0,path bus trml entrance dyer ave 48,558
559,path bus trml entrance w 39 st,48,0,0,path bus trml entrance w 39 st 48,559
560,path bus trml entrance w 40 st,48,0,0,path bus trml entrance w 40 st 48,560
561,path bus trml exit 10 avenue,48,0,0,path bus trml exit 10 avenue 48,561
562,port authority bus terminal en,48,0,0,port authority bus terminal en 48,562
563,port authority bus terminal exit,48,0,0,port authority bus terminal exit 48,563
564,port authority bus terminal ramp,48,0,0,port authority bus terminal ramp 48,564
565,w  4 st,114,0,0,w  4 st 114,565
566,bleecker st,114,28,0,bleecker st 114,566
567,bond st,114,7,0,bond st 114,567
568,great jones aly,114,0,0,great jones aly 114,568
569,jones aly,114,0,0,jones aly 114,569
570,la guardia pl,114,0,0,la guardia pl 114,570
571,mac dougal st,114,0,0,mac dougal st 114,571
572,mercer st,114,12,0,mercer st 114,572
573,minetta ln,114,0,0,minetta ln 114,573
574,shinbone aly,114,0,0,shinbone aly 114,574
575,w  44 st,230,0,0,w  44 st 230,575
576,w  47 street bike path,230,0,0,w  47 street bike path 230,576
577,6 1/2 ave,230,0,0,6 1/2 ave 230,577
578,shubert aly,230,0,0,shubert aly 230,578
579,5 dr,194,0,0,5 dr 194,579
580,anaya pl,194,0,0,anaya pl 194,580
581,berry pl,194,0,0,berry pl 194,581
582,bronx shore rd,194,0,0,bronx shore rd 194,582
583,brunn st,194,0,0,brunn st 194,583
584,cammarata ave,194,0,0,cammarata ave 194,584
585,carl lee pl,194,0,0,carl lee pl 194,585
586,charles gay loop,194,0,1,charles gay loop 194,586
587,d'auria st,194,0,0,d'auria st 194,587
588,daniel rey sq,194,0,0,daniel rey sq 194,588
589,e rd,194,0,0,e rd 194,589
590,east river ln,194,0,1,east river ln 194,590
591,f rd,194,0,0,f rd 194,591
592,finley pl,194,0,0,finley pl 194,592
593,g rd,194,0,0,g rd 194,593
594,galanaugh ln,194,0,0,galanaugh ln 194,594
595,h rd,194,0,0,h rd 194,595
596,harlem river pathway,194,0,1,harlem river pathway 194,596
597,hell gate cir,194,0,1,hell gate cir 194,597
598,hell gate bridge,194,0,0,hell gate bridge 194,598
599,higgins ave,194,0,0,higgins ave 194,599
600,i rd,194,0,0,i rd 194,600
601,j rd,194,0,0,j rd 194,601
602,k rd,194,0,0,k rd 194,602
603,kaminsky rd,194,0,0,kaminsky rd 194,603
604,kehayas ct,194,0,0,kehayas ct 194,604
605,kelly st,194,1,0,kelly st 194,605
606,laguardia cir,194,0,0,laguardia cir 194,606
607,mc carron dr,194,0,0,mc carron dr 194,607
608,mc ginty cir,194,0,0,mc ginty cir 194,608
609,priore rd,194,0,0,priore rd 194,609
610,randalls island connector,194,0,0,randalls island connector 194,610
611,randalls island greenway,194,0,1,randalls island greenway 194,611
612,recovery rd,194,0,0,recovery rd 194,612
613,reilly blvd,194,0,0,reilly blvd 194,613
614,rfk br manhattan en rp randalls,194,0,0,rfk br manhattan en rp randalls 194,614
615,rfk br manhattan et rp randalls,194,0,0,rfk br manhattan et rp randalls 194,615
616,rfk br manhattan randalls is ramp,194,0,0,rfk br manhattan randalls is ramp 194,616
617,rfk br queens et rp randalls is,194,0,1,rfk br queens et rp randalls is 194,617
618,rfk br queens ped and bike path,194,0,0,rfk br queens ped and bike path 194,618
619,rfk bridge bronx en rp,194,0,0,rfk bridge bronx en rp 194,619
620,rfk bridge bronx ped and bike path,194,0,1,rfk bridge bronx ped and bike path 194,620
621,rfk bridge exit 46 manhattan,194,0,0,rfk bridge exit 46 manhattan 194,621
622,rfk bridge queens en rp,194,0,0,rfk bridge queens en rp 194,622
623,rivers edge rd,194,0,0,rivers edge rd 194,623
624,robert f kennedy brg,194,0,0,robert f kennedy brg 194,624
625,rodriguez pl,194,0,0,rodriguez pl 194,625
626,sears st,194,0,0,sears st 194,626
627,sunken garden loop,194,0,1,sunken garden loop 194,627
628,sunken meadow loop,194,0,1,sunken meadow loop 194,628
629,tepper ave,194,0,0,tepper ave 194,629
630,wards island greenway,194,0,0,wards island greenway 194,630
631,wards meadow loop,194,0,0,wards meadow loop 194,631
632,e  51 street pedestrian opas,229,0,0,e  51 street pedestrian opas 229,632
633,e  55 st,229,0,0,e  55 st 229,633
634,ed koch qboro brg upper lvl en,229,0,0,ed koch qboro brg upper lvl en 229,634
635,fdr drive exit 10 sb,229,0,0,fdr drive exit 10 sb 229,635
636,fdr drive exit 11 sb,229,0,0,fdr drive exit 11 sb 229,636
637,mitchell pl,229,0,0,mitchell pl 229,637
638,riverview ter,229,0,0,riverview ter 229,638
639,sutton pl,229,0,0,sutton pl 229,639
640,e  56 st,161,0,0,e  56 st 161,640
641,rockefeller plz,161,14,0,rockefeller plz 161,641
642,vanderbilt ave,161,0,0,vanderbilt ave 161,642
643,e  56 st,163,0,0,e  56 st 163,643
644,central park exit 7 ave,163,0,1,central park exit 7 ave 163,644
645,grand army plz,163,0,0,grand army plz 163,645
646,w  59 st,142,0,0,w  59 st 142,646
647,w  69 st,142,0,0,w  69 st 142,647
648,central park entrance 8 ave,142,0,1,central park entrance 8 ave 142,648
649,columbus ave,142,129,0,columbus ave 142,649
650,e  60 st pedestrian opas,140,0,0,e  60 st pedestrian opas 140,650
651,e  63 street pedestrian opas,140,0,0,e  63 street pedestrian opas 140,651
652,e  68 st,140,0,0,e  68 st 140,652
653,e  71 st,140,0,0,e  71 st 140,653
654,e  71 street pedestrian opas,140,0,1,e  71 street pedestrian opas 140,654
655,e  72 st,140,0,0,e  72 st 140,655
656,e  74 st,140,0,0,e  74 st 140,656
657,e  75 st,140,0,0,e  75 st 140,657
658,e  76 st,140,0,0,e  76 st 140,658
659,e  78 st,140,0,0,e  78 st 140,659
660,e  78 street pedestrian opas,140,0,0,e  78 street pedestrian opas 140,660
661,cherokee pl,140,0,0,cherokee pl 140,661
662,ed koch queensboro brg,140,0,0,ed koch queensboro brg 140,662
663,ed koch queensboro bridge exit,140,0,0,ed koch queensboro bridge exit 140,663
664,fdr drive exit 12 nb,140,0,0,fdr drive exit 12 nb 140,664
665,fdr drive exit 12 sb,140,0,0,fdr drive exit 12 sb 140,665
666,fdr drive exit 13 sb,140,0,0,fdr drive exit 13 sb 140,666
667,fdr drive greenway,140,0,1,fdr drive greenway 140,667
668,fdr drive nb entrance e 62 st,140,0,0,fdr drive nb entrance e 62 st 140,668
669,fdr drive sb entrance e 63 st,140,0,0,fdr drive sb entrance e 63 st 140,669
670,fdr drive sb entrance e 73 st,140,0,0,fdr drive sb entrance e 73 st 140,670
671,fdr drive sb entrance e 78 st,140,0,0,fdr drive sb entrance e 78 st 140,671
672,e  61 st,141,0,0,e  61 st 141,672
673,e  74 st,141,0,0,e  74 st 141,673
674,e  75 st,141,0,0,e  75 st 141,674
675,e  76 st,141,0,0,e  76 st 141,675
676,ed koch qboro brg lower lvl en,141,0,0,ed koch qboro brg lower lvl en 141,676
677,ed koch qboro brg upper lvl en,141,0,0,ed koch qboro brg upper lvl en 141,677
678,ed koch queensboro brg,141,0,0,ed koch queensboro brg 141,678
679,ed koch queensboro bridge exit,141,0,0,ed koch queensboro bridge exit 141,679
680,koch br pedestrian and bike path,141,0,0,koch br pedestrian and bike path 141,680
681,e  62 st,237,0,0,e  62 st 237,681
682,e  63 st,237,0,0,e  63 st 237,682
683,e  67 st,237,0,0,e  67 st 237,683
684,e  73 st,237,0,0,e  73 st 237,684
685,central park entrance e 60 st,237,0,0,central park entrance e 60 st 237,685
686,7 ave,100,0,0,7 ave 100,686
687,w  77 st,239,0,0,w  77 st 239,687
688,w  79 st,239,0,0,w  79 st 239,688
689,w  80 st,239,0,0,w  80 st 239,689
690,w  85 st,239,0,0,w  85 st 239,690
691,bike path,239,0,1,bike path 239,691
692,henry hudson parkway et 10 sb,239,0,0,henry hudson parkway et 10 sb 239,692
693,henry hudson parkway nb et 10 a,239,0,0,henry hudson parkway nb et 10 a 239,693
694,henry hudson pkwy nb et 10 b,239,0,0,henry hudson pkwy nb et 10 b 239,694
695,henry hudson py nb en w 72 st,239,0,0,henry hudson py nb en w 72 st 239,695
696,henry hudson py nb en w 79 eb,239,0,0,henry hudson py nb en w 79 eb 239,696
697,henry hudson py nb en w 79 wb,239,0,0,henry hudson py nb en w 79 wb 239,697
698,henry hudson py sb en w 79 st,239,0,0,henry hudson py sb en w 79 st 239,698
699,hudson river greenway,239,0,0,hudson river greenway 239,699
700,8 ave,186,0,0,8 ave 186,700
701,ave of the americas,186,2,0,ave of the americas 186,701
702,e  81 st,262,0,0,e  81 st 262,702
703,e  81 street pedestrian opas,262,0,0,e  81 street pedestrian opas 262,703
704,e  82 st,262,0,0,e  82 st 262,704
705,e  86 st,262,0,0,e  86 st 262,705
706,e  88 st,262,0,0,e  88 st 262,706
707,e  91 st,262,0,0,e  91 st 262,707
708,e  96 st,262,0,0,e  96 st 262,708
709,bobby wagner walk,262,0,1,bobby wagner walk 262,709
710,carl schurz park path,262,0,1,carl schurz park path 262,710
711,dsny marine transfer station rp,262,0,0,dsny marine transfer station rp 262,711
712,fdr drive exit 14 nb,262,0,0,fdr drive exit 14 nb 262,712
713,fdr drive nb entrance e 96 st,262,0,0,fdr drive nb entrance e 96 st 262,713
714,fdr drive nb entrance york ave,262,0,0,fdr drive nb entrance york ave 262,714
715,fdr drive sb entrance york ave,262,0,0,fdr drive sb entrance york ave 262,715
716,franklin d roosevelt dr,262,0,1,franklin d roosevelt dr 262,716
717,gracie sq,262,0,0,gracie sq 262,717
718,henderson pl,262,0,0,henderson pl 262,718
719,john finley walk,262,0,2,john finley walk 262,719
720,york ave,262,69,0,york ave 262,720
721,e  83 st,263,0,0,e  83 st 263,721
722,e  87 st,263,0,0,e  87 st 263,722
723,e  92 st,263,0,0,e  92 st 263,723
724,e  93 st,263,0,0,e  93 st 263,724
725,e  84 st,236,0,0,e  84 st 236,725
726,e  92 st,236,0,0,e  92 st 236,726
727,e  93 st,236,0,0,e  93 st 236,727
728,w  89 st,238,0,0,w  89 st 238,728
729,w  90 st,238,0,0,w  90 st 238,729
730,w  94 st,238,0,0,w  94 st 238,730
731,w  95 st,238,0,0,w  95 st 238,731
732,amsterdam ave,238,260,0,amsterdam ave 238,732
733,henry hudson parkway et 11 nb,238,0,0,henry hudson parkway et 11 nb 238,733
734,henry hudson parkway et 11 sb,238,0,0,henry hudson parkway et 11 sb 238,734
735,henry hudson py nb en w 96 st,238,0,0,henry hudson py nb en w 96 st 238,735
736,pomander walk,238,0,0,pomander walk 238,736
737,ave a,148,0,0,ave a 148,737
738,allen st,148,14,0,allen st 148,738
739,bayard st,148,10,0,bayard st 148,739
740,bowery,148,75,0,bowery 148,740
741,canal st,148,76,0,canal st 148,741
742,chrystie st,148,12,0,chrystie st 148,742
743,division st,148,10,0,division st 148,743
744,eldridge st,148,47,0,eldridge st 148,744
745,forsyth st,148,7,0,forsyth st 148,745
746,freeman aly,148,0,0,freeman aly 148,746
747,ludlow st,148,6,0,ludlow st 148,747
748,manhattan bridge bike path,148,0,0,manhattan bridge bike path 148,748
749,manhattan bridge pedestrian path,148,0,0,manhattan bridge pedestrian path 148,749
750,norfolk st,148,0,0,norfolk st 148,750
751,orchard st,148,13,0,orchard st 148,751
752,rivington st,148,18,0,rivington st 148,752
753,stanton st,148,14,0,stanton st 148,753
754,suffolk st,148,3,0,suffolk st 148,754
755,abraham kazan st,232,0,0,abraham kazan st 232,755
756,attorney st,232,2,0,attorney st 232,756
757,baruch pl,232,0,0,baruch pl 232,757
758,bialystoker pl,232,0,0,bialystoker pl 232,758
759,broome st,232,20,0,broome st 232,759
760,cannon st,232,0,0,cannon st 232,760
761,clinton st,232,21,0,clinton st 232,761
762,columbia st,232,5,0,columbia st 232,762
763,delancey st,232,33,0,delancey st 232,763
764,delancey street pedestrian opas,232,0,0,delancey street pedestrian opas 232,764
765,e houston street pedestrian opas,232,0,0,e houston street pedestrian opas 232,765
766,fdr drive exit 3 sb,232,0,0,fdr drive exit 3 sb 232,766
767,fdr drive exit 4 sb,232,0,0,fdr drive exit 4 sb 232,767
768,fdr drive exit 5 nb,232,0,0,fdr drive exit 5 nb 232,768
769,fdr drive nb en montgomery st,232,0,0,fdr drive nb en montgomery st 232,769
770,fdr drive sb en e houston st,232,0,0,fdr drive sb en e houston st 232,770
771,fdr drive sb entrance grand st,232,0,0,fdr drive sb entrance grand st 232,771
772,gouverneur st,232,0,0,gouverneur st 232,772
773,grand st,232,60,0,grand st 232,773
774,henry st,232,12,0,henry st 232,774
775,jackson st,232,0,0,jackson st 232,775
776,jefferson st,232,2,0,jefferson st 232,776
777,lewis st,232,0,0,lewis st 232,777
778,mangin st,232,0,0,mangin st 232,778
779,montgomery st,232,1,0,montgomery st 232,779
780,norfolk st,232,0,0,norfolk st 232,780
781,pedestrian opas,232,0,0,pedestrian opas 232,781
782,pitt st,232,4,0,pitt st 232,782
783,ridge st,232,2,0,ridge st 232,783
784,rutgers st,232,3,0,rutgers st 232,784
785,samuel dickstein plz,232,0,0,samuel dickstein plz 232,785
786,sheriff st,232,0,0,sheriff st 232,786
787,williamsburg brg,232,0,0,williamsburg brg 232,787
788,williamsburg br bike and ped path,232,0,0,williamsburg br bike and ped path 232,788
789,williamsburg br pedestrian path,232,0,0,williamsburg br pedestrian path 232,789
790,albany st,13,2,0,albany st 13,790
791,battery park city greenway,13,0,1,battery park city greenway 13,791
792,chambers st,13,13,0,chambers st 13,792
793,liberty st,13,4,0,liberty st 13,793
794,liberty st pedestrian opas,13,0,0,liberty st pedestrian opas 13,794
795,murray st,13,4,0,murray st 13,795
796,north cove bike path,13,0,2,north cove bike path 13,796
797,rector pl-rector st ped opas,13,0,0,rector pl-rector st ped opas 13,797
798,w  thames st,13,0,0,w  thames st 13,798
799,tribeca brg,13,0,0,tribeca brg 13,799
800,warren st,13,4,0,warren st 13,800
801,albany st,261,2,0,albany st 261,801
802,battery pl,261,7,0,battery pl 261,802
803,battery park underpass,261,0,0,battery park underpass 261,803
804,bk battery tnnl pedestrian opas,261,0,0,bk battery tnnl pedestrian opas 261,804
805,bowling grn,261,0,1,bowling grn 261,805
806,carlisle st,261,0,0,carlisle st 261,806
807,church st,261,20,0,church st 261,807
808,dey st,261,1,0,dey st 261,808
809,edgar st,261,0,0,edgar st 261,809
810,fulton st,261,16,0,fulton st 261,810
811,hugh l carey tunnel en,261,0,0,hugh l carey tunnel en 261,811
812,morris st,261,0,0,morris st 261,812
813,rector st,261,3,0,rector st 261,813
814,trinity pl,261,2,0,trinity pl 261,814
815,vesey st,261,9,0,vesey st 261,815
816,washington st,261,18,0,washington st 261,816
817,allen st,45,14,0,allen st 45,817
818,baxter st,45,3,0,baxter st 45,818
819,bayard st,45,10,0,bayard st 45,819
820,brooklyn brg,45,0,0,brooklyn brg 45,820
821,brooklyn bridge exit ramp,45,0,0,brooklyn bridge exit ramp 45,821
822,brooklyn bridge ped and bike path,45,0,0,brooklyn bridge ped and bike path 45,822
823,cardinal hayes pl,45,0,0,cardinal hayes pl 45,823
824,catherine st,45,6,0,catherine st 45,824
825,catherine slip,45,0,0,catherine slip 45,825
826,centre st,45,8,0,centre st 45,826
827,chatham sq,45,4,0,chatham sq 45,827
828,cherry st,45,3,0,cherry st 45,828
829,doyers st,45,1,0,doyers st 45,829
830,driveway,45,0,0,driveway 45,830
831,eldridge st,45,47,0,eldridge st 45,831
832,fdr drive entry ramp,45,0,0,fdr drive entry ramp 45,832
833,fdr drive exit 2 sb,45,0,0,fdr drive exit 2 sb 45,833
834,forsyth st,45,7,0,forsyth st 45,834
835,hamill pl,45,0,1,hamill pl 45,835
836,hogan pl,45,0,0,hogan pl 45,836
837,james st,45,1,0,james st 45,837
838,leonard st,45,8,0,leonard st 45,838
839,manhattan brg,45,0,1,manhattan brg 45,839
840,manhattan bridge bike path,45,0,0,manhattan bridge bike path 45,840
841,manhattan bridge pedestrian path,45,0,0,manhattan bridge pedestrian path 45,841
842,market st,45,5,0,market st 45,842
843,market slip,45,0,0,market slip 45,843
844,mechanics aly,45,0,0,mechanics aly 45,844
845,monroe st,45,1,0,monroe st 45,845
846,mosco st,45,0,0,mosco st 45,846
847,ave of the finest,45,0,0,ave of the finest 45,847
848,oliver st,45,1,0,oliver st 45,848
849,pearl st,45,9,0,pearl st 45,849
850,pell st,45,1,0,pell st 45,850
851,r f wagner sr pl,45,0,0,r f wagner sr pl 45,851
852,st andrews plz,45,0,0,st andrews plz 45,852
853,st james pl,45,0,0,st james pl 45,853
854,worth st,45,7,0,worth st 45,854
855,ann st,209,2,0,ann st 209,855
856,beekman st,209,6,0,beekman st 209,856
857,brooklyn bridge en rp fdr dr,209,0,0,brooklyn bridge en rp fdr dr 209,857
858,brooklyn bridge en rp pearl st,209,0,0,brooklyn bridge en rp pearl st 209,858
859,brooklyn bridge entrance ramp,209,0,0,brooklyn bridge entrance ramp 209,859
860,cliff st,209,1,0,cliff st 209,860
861,dover st,209,0,0,dover st 209,861
862,fdr drive exit 2 nb,209,0,0,fdr drive exit 2 nb 209,862
863,fdr drive nb en brooklyn br,209,0,0,fdr drive nb en brooklyn br 209,863
864,fdr drive sb entrance pearl st,209,0,0,fdr drive sb entrance pearl st 209,864
865,frankfort st,209,0,0,frankfort st 209,865
866,front st,209,3,0,front st 209,866
867,gold st,209,2,0,gold st 209,867
868,peck slip,209,3,0,peck slip 209,868
869,rose st,209,0,0,rose st 209,869
870,spruce st,209,0,0,spruce st 209,870
871,theater aly,209,0,0,theater aly 209,871
872,bank st,158,1,0,bank st 158,872
873,bethune st,158,1,0,bethune st 158,873
874,bloomfield st,158,0,0,bloomfield st 158,874
875,charles ln,158,0,0,charles ln 158,875
876,christopher st,158,13,0,christopher st 158,876
877,clarkson st,158,0,0,clarkson st 158,877
878,gansevoort st,158,4,0,gansevoort st 158,878
879,greenwich village-wfc ferry rte,158,0,0,greenwich village-wfc ferry rte 158,879
880,jane st,158,6,0,jane st 158,880
881,midtown w-greenwich vlg fry rte,158,0,0,midtown w-greenwich vlg fry rte 158,881
882,pier 40 dy,158,0,0,pier 40 dy 158,882
883,st lukes pl,158,0,0,st lukes pl 158,883
884,weehawken st,158,0,0,weehawken st 158,884
885,barclay st,231,2,0,barclay st 231,885
886,beach st,231,0,0,beach st 231,886
887,benson pl,231,0,0,benson pl 231,887
888,broadway,231,900,0,broadway 231,888
889,brooklyn bridge ped and bike path,231,0,0,brooklyn bridge ped and bike path 231,889
890,city hall park greenway,231,0,1,city hall park greenway 231,890
891,collister st,231,0,0,collister st 231,891
892,cortlandt aly,231,0,0,cortlandt aly 231,892
893,desbrosses st,231,0,0,desbrosses st 231,893
894,duane st,231,7,0,duane st 231,894
895,elk st,231,0,0,elk st 231,895
896,ericsson pl,231,0,0,ericsson pl 231,896
897,franklin st,231,4,0,franklin st 231,897
898,harrison st,231,1,0,harrison st 231,898
899,holland tunnel exit,231,0,0,holland tunnel exit 231,899
900,holland tunnel exit 1,231,0,0,holland tunnel exit 1 231,900
901,holland tunnel exit 2,231,0,0,holland tunnel exit 2 231,901
902,holland tunnel exit 3,231,0,0,holland tunnel exit 3 231,902
903,holland tunnel exit 4,231,0,0,holland tunnel exit 4 231,903
904,holland tunnel exit 5,231,0,0,holland tunnel exit 5 231,904
905,holland tunnel exit ped opas,231,0,0,holland tunnel exit ped opas 231,905
906,hubert st,231,0,0,hubert st 231,906
907,jay st,231,0,0,jay st 231,907
908,lafayette st,231,28,0,lafayette st 231,908
909,laight st,231,0,0,laight st 231,909
910,leonard st,231,8,0,leonard st 231,910
911,lispenard st,231,1,0,lispenard st 231,911
912,n  moore st,231,0,0,n  moore st 231,912
913,murray st,231,4,0,murray st 231,913
914,park row,231,4,0,park row 231,914
915,reade st,231,6,0,reade st 231,915
916,st johns ln,231,0,0,st johns ln 231,916
917,staple st,231,0,0,staple st 231,917
918,thomas st,231,3,0,thomas st 231,918
919,tribeca brg,231,0,0,tribeca brg 231,919
920,trimble pl,231,0,0,trimble pl 231,920
921,varick st,231,17,0,varick st 231,921
922,vesey st,231,9,0,vesey st 231,922
923,vestry st,231,0,0,vestry st 231,923
924,walker st,231,6,0,walker st 231,924
925,watts st,231,1,0,watts st 231,925
926,white st,231,6,0,white st 231,926
927,barrow st,249,1,0,barrow st 249,927
928,bedford st,249,4,0,bedford st 249,928
929,carmine st,249,9,0,carmine st 249,929
930,commerce st,249,1,0,commerce st 249,930
931,cornelia st,249,2,0,cornelia st 249,931
932,downing st,249,3,0,downing st 249,932
933,gay st,249,0,0,gay st 249,933
934,grove st,249,5,0,grove st 249,934
935,horatio st,249,0,0,horatio st 249,935
936,leroy st,249,3,0,leroy st 249,936
937,milligan pl,249,0,0,milligan pl 249,937
938,morton st,249,6,0,morton st 249,938
939,patchin pl,249,0,0,patchin pl 249,939
940,perry st,249,2,0,perry st 249,940
941,st lukes pl,249,0,0,st lukes pl 249,941
942,waverly pl,249,3,0,waverly pl 249,942
943,battery park path,12,0,1,battery park path 12,943
944,battery park greenway,12,0,1,battery park greenway 12,944
945,peter minuit pl,12,0,0,peter minuit pl 12,945
946,beaver st,88,6,0,beaver st 88,946
947,bridge st,88,0,0,bridge st 88,947
948,broad st,88,12,0,broad st 88,948
949,coenties aly,88,0,0,coenties aly 88,949
950,exchange pl,88,3,0,exchange pl 88,950
951,fdr dr  viaduct,88,0,0,fdr dr  viaduct 88,951
952,fdr drive exit 1 nb,88,0,0,fdr drive exit 1 nb 88,952
953,fdr drive exit 1 sb,88,0,0,fdr drive exit 1 sb 88,953
954,fdr drive nb entrance s st,88,0,0,fdr drive nb entrance s st 88,954
955,marketfield st,88,0,0,marketfield st 88,955
956,mill ln,88,0,0,mill ln 88,956
957,peter minuit plaza greenway,88,0,1,peter minuit plaza greenway 88,957
958,state st,88,0,0,state st 88,958
959,stone st,88,1,0,stone st 88,959
960,whitehall st,88,2,0,whitehall st 88,960
961,s  william st,88,0,0,s  william st 88,961
962,broad st,87,12,0,broad st 87,962
963,cedar st,87,0,0,cedar st 87,963
964,cliff st,87,1,0,cliff st 87,964
965,dutch st,87,0,0,dutch st 87,965
966,exchange pl,87,3,0,exchange pl 87,966
967,fletcher st,87,0,0,fletcher st 87,967
968,hanover st,87,0,0,hanover st 87,968
969,john st,87,31,0,john st 87,969
970,maiden ln,87,16,0,maiden ln 87,970
971,nassau st,87,14,0,nassau st 87,971
972,new st,87,1,0,new st 87,972
973,pine st,87,10,0,pine st 87,973
974,platt st,87,0,0,platt st 87,974
975,ryders aly,87,0,0,ryders aly 87,975
976,old   slip,87,0,0,old   slip 87,976
977,south st,87,5,0,south st 87,977
978,wall st,87,21,0,wall st 87,978
979,water st,87,16,0,water st 87,979
980,canal st,144,76,0,canal st 144,980
981,centre market pl,144,0,0,centre market pl 144,981
982,cleveland pl,144,0,0,cleveland pl 144,982
983,crosby st,144,1,0,crosby st 144,983
984,elizabeth st,144,27,0,elizabeth st 144,984
985,hester st,144,20,0,hester st 144,985
986,howard st,144,2,0,howard st 144,986
987,jersey st,144,0,0,jersey st 144,987
988,kenmare st,144,11,0,kenmare st 144,988
989,mott st,144,57,0,mott st 144,989
990,mulberry st,144,44,0,mulberry st 144,990
991,rivington st,144,18,0,rivington st 144,991
992,stanton st,144,14,0,stanton st 144,992
993,charlton st,125,2,0,charlton st 125,993
994,dominick st,125,1,0,dominick st 125,994
995,greenwich st,125,51,0,greenwich st 125,995
996,holland tunl,125,0,0,holland tunl 125,996
997,holland tunnel entrance,125,0,0,holland tunnel entrance 125,997
998,hudson st,125,64,0,hudson st 125,998
999,renwick st,125,0,0,renwick st 125,999
1000,spring st,125,23,0,spring st 125,1000
1001,vandam st,125,0,0,vandam st 125,1001
1002,varick st,125,17,0,varick st 125,1002
1003,watts st,125,1,0,watts st 125,1003
1004,de pew pl,162,0,0,de pew pl 162,1004
1005,vanderbilt ave,162,0,0,vanderbilt ave 162,1005
1006,east rd,202,0,0,east rd 202,1006
1007,fdr four freedoms park path,202,0,0,fdr four freedoms park path 202,1007
1008,w  loop rd,202,0,0,w  loop rd 202,1008
1009,main st,202,8,0,main st 202,1009
1010,roosevelt is brg,202,0,0,roosevelt is brg 202,1010
1011,roosevelt is br ped & bike path,202,0,0,roosevelt is br ped & bike path 202,1011
1012,roosevelt island bridge ramp,202,0,0,roosevelt island bridge ramp 202,1012
1013,roosevelt island greenway,202,0,0,roosevelt island greenway 202,1013
1014,greene st,211,2,0,greene st 211,1014
1015,prince st,211,16,0,prince st 211,1015
1016,sullivan st,211,11,0,sullivan st 211,1016
1017,thompson st,211,16,0,thompson st 211,1017
1018,wooster st,211,2,0,wooster st 211,1018
